{
  "posts": [
    {
      "id": 1,
      "userName": "Chitra",
      "password": "Test123",
      "confirmPassword": "Test123"
    },
    {
      "id": 2,
      "userName": "Anjali",
      "password": "Test123",
      "confirmPassword": "Test123"
    },
    {
      "userName": "Neha",
      "password": "Welcome",
      "confirmPassword": "Welcome",
      "id": 3
    },
    {
      "userName": "Chitra",
      "password": "test",
      "confirmPassword": "test",
      "id": 4
    },
    {
      "userName": "ChitraS",
      "password": "tedt",
      "confirmPassword": "test",
      "id": 5
    },
    {
      "userName": "Anjlai",
      "password": "Test@123",
      "confirmPassword": "",
      "id": 6
    },
    {
      "userName": "ChitraN",
      "password": "Test",
      "confirmPassword": "Test",
      "id": 7
    },
    {
      "userName": "Megna",
      "password": "Test",
      "confirmPassword": "Test",
      "id": 8
    }
  ]
}